{
  "1.txt": {
    "1.txt": 0.794264,
    "10.txt": 0.550001,
    "11.txt": 0.519428,
    "12.txt": 0.60282,
    "13.txt": 0.602937,
    "14.txt": 0.577086,
    "15.txt": 0.586671,
    "16.txt": 0.556912,
    "17.txt": 0.585605,
    "18.txt": 0.539934,
    "19.txt": 0.539229,
    "2.txt": 0.534035,
    "20.txt": 0.521519,
    "21.txt": 0.593338,
    "22.txt": 0.573176,
    "23.txt": 0.594299,
    "24.txt": 0.530475,
    "3.txt": 0.580872,
    "4.txt": 0.577152,
    "5.txt": 0.579314,
    "6.txt": 0.565426,
    "7.txt": 0.607384,
    "8.txt": 0.622317,
    "9.txt": 0.617782
  },
  "10.txt": {
    "1.txt": 0.543047,
    "10.txt": 0.758524,
    "11.txt": 0.640253,
    "12.txt": 0.647678,
    "13.txt": 0.604335,
    "14.txt": 0.583154,
    "15.txt": 0.649068,
    "16.txt": 0.577951,
    "17.txt": 0.643475,
    "18.txt": 0.674154,
    "19.txt": 0.666394,
    "2.txt": 0.575179,
    "20.txt": 0.586586,
    "21.txt": 0.637144,
    "22.txt": 0.627766,
    "23.txt": 0.613867,
    "24.txt": 0.575726,
    "3.txt": 0.593676,
    "4.txt": 0.610006,
    "5.txt": 0.608098,
    "6.txt": 0.623076,
    "7.txt": 0.595278,
    "8.txt": 0.600868,
    "9.txt": 0.609685
  },
  "11.txt": {
    "1.txt": 0.555341,
    "10.txt": 0.653246,
    "11.txt": 0.74542,
    "12.txt": 0.643472,
    "13.txt": 0.606401,
    "14.txt": 0.574195,
    "15.txt": 0.663792,
    "16.txt": 0.57632,
    "17.txt": 0.660291,
    "18.txt": 0.693726,
    "19.txt": 0.678023,
    "2.txt": 0.605826,
    "20.txt": 0.575287,
    "21.txt": 0.605073,
    "22.txt": 0.617455,
    "23.txt": 0.613236,
    "24.txt": 0.616229,
    "3.txt": 0.546421,
    "4.txt": 0.616753,
    "5.txt": 0.622883,
    "6.txt": 0.596828,
    "7.txt": 0.596836,
    "8.txt": 0.609025,
    "9.txt": 0.585778
  },
  "12.txt": {
    "1.txt": 0.584886,
    "10.txt": 0.651924,
    "11.txt": 0.660571,
    "12.txt": 0.797405,
    "13.txt": 0.633331,
    "14.txt": 0.621687,
    "15.txt": 0.675005,
    "16.txt": 0.615161,
    "17.txt": 0.651559,
    "18.txt": 0.651065,
    "19.txt": 0.656587,
    "2.txt": 0.545871,
    "20.txt": 0.639422,
    "21.txt": 0.710028,
    "22.txt": 0.710837,
    "23.txt": 0.683217,
    "24.txt": 0.635069,
    "3.txt": 0.628271,
    "4.txt": 0.665054,
    "5.txt": 0.596622,
    "6.txt": 0.629477,
    "7.txt": 0.609727,
    "8.txt": 0.630494,
    "9.txt": 0.637799
  },
  "13.txt": {
    "1.txt": 0.594577,
    "10.txt": 0.652485,
    "11.txt": 0.61409,
    "12.txt": 0.657523,
    "13.txt": 0.755642,
    "14.txt": 0.623781,
    "15.txt": 0.669649,
    "16.txt": 0.61635,
    "17.txt": 0.680671,
    "18.txt": 0.621529,
    "19.txt": 0.625101,
    "2.txt": 0.559794,
    "20.txt": 0.575293,
    "21.txt": 0.641746,
    "22.txt": 0.637212,
    "23.txt": 0.633179,
    "24.txt": 0.620392,
    "3.txt": 0.631177,
    "4.txt": 0.651603,
    "5.txt": 0.655092,
    "6.txt": 0.65025,
    "7.txt": 0.637484,
    "8.txt": 0.66996,
    "9.txt": 0.665729
  },
  "14.txt": {
    "1.txt": 0.592887,
    "10.txt": 0.641916,
    "11.txt": 0.600493,
    "12.txt": 0.631627,
    "13.txt": 0.648486,
    "14.txt": 0.753862,
    "15.txt": 0.683159,
    "16.txt": 0.642103,
    "17.txt": 0.692875,
    "18.txt": 0.652903,
    "19.txt": 0.657143,
    "2.txt": 0.609576,
    "20.txt": 0.605627,
    "21.txt": 0.644196,
    "22.txt": 0.616873,
    "23.txt": 0.626975,
    "24.txt": 0.59085,
    "3.txt": 0.646567,
    "4.txt": 0.688747,
    "5.txt": 0.65004,
    "6.txt": 0.652959,
    "7.txt": 0.658289,
    "8.txt": 0.652813,
    "9.txt": 0.644802
  },
  "15.txt": {
    "1.txt": 0.559061,
    "10.txt": 0.62329,
    "11.txt": 0.613623,
    "12.txt": 0.665838,
    "13.txt": 0.624133,
    "14.txt": 0.609828,
    "15.txt": 0.769077,
    "16.txt": 0.653649,
    "17.txt": 0.691655,
    "18.txt": 0.626155,
    "19.txt": 0.648421,
    "2.txt": 0.567083,
    "20.txt": 0.608212,
    "21.txt": 0.64219,
    "22.txt": 0.628313,
    "23.txt": 0.609266,
    "24.txt": 0.558718,
    "3.txt": 0.586289,
    "4.txt": 0.626939,
    "5.txt": 0.592578,
    "6.txt": 0.586478,
    "7.txt": 0.604862,
    "8.txt": 0.640858,
    "9.txt": 0.606454
  },
  "16.txt": {
    "1.txt": 0.554644,
    "10.txt": 0.638063,
    "11.txt": 0.598424,
    "12.txt": 0.644093,
    "13.txt": 0.62148,
    "14.txt": 0.627893,
    "15.txt": 0.687071,
    "16.txt": 0.770273,
    "17.txt": 0.694016,
    "18.txt": 0.63961,
    "19.txt": 0.636474,
    "2.txt": 0.587985,
    "20.txt": 0.606939,
    "21.txt": 0.652308,
    "22.txt": 0.660962,
    "23.txt": 0.604597,
    "24.txt": 0.597546,
    "3.txt": 0.628094,
    "4.txt": 0.673774,
    "5.txt": 0.600474,
    "6.txt": 0.640442,
    "7.txt": 0.599837,
    "8.txt": 0.636913,
    "9.txt": 0.61697
  },
  "17.txt": {
    "1.txt": 0.535734,
    "10.txt": 0.649642,
    "11.txt": 0.609066,
    "12.txt": 0.643353,
    "13.txt": 0.633241,
    "14.txt": 0.617488,
    "15.txt": 0.700875,
    "16.txt": 0.670564,
    "17.txt": 0.749304,
    "18.txt": 0.685349,
    "19.txt": 0.677623,
    "2.txt": 0.604505,
    "20.txt": 0.589355,
    "21.txt": 0.641646,
    "22.txt": 0.651706,
    "23.txt": 0.610533,
    "24.txt": 0.575504,
    "3.txt": 0.591386,
    "4.txt": 0.648773,
    "5.txt": 0.605438,
    "6.txt": 0.636713,
    "7.txt": 0.602191,
    "8.txt": 0.640835,
    "9.txt": 0.650275
  },
  "18.txt": {
    "1.txt": 0.540159,
    "10.txt": 0.671832,
    "11.txt": 0.695959,
    "12.txt": 0.654696,
    "13.txt": 0.616689,
    "14.txt": 0.587846,
    "15.txt": 0.671389,
    "16.txt": 0.634355,
    "17.txt": 0.707656,
    "18.txt": 0.753738,
    "19.txt": 0.718438,
    "2.txt": 0.593562,
    "20.txt": 0.612309,
    "21.txt": 0.637591,
    "22.txt": 0.645366,
    "23.txt": 0.606308,
    "24.txt": 0.599748,
    "3.txt": 0.573399,
    "4.txt": 0.655222,
    "5.txt": 0.608209,
    "6.txt": 0.632032,
    "7.txt": 0.597706,
    "8.txt": 0.611283,
    "9.txt": 0.59001
  },
  "19.txt": {
    "1.txt": 0.534104,
    "10.txt": 0.687739,
    "11.txt": 0.680739,
    "12.txt": 0.667213,
    "13.txt": 0.59478,
    "14.txt": 0.600289,
    "15.txt": 0.673329,
    "16.txt": 0.615293,
    "17.txt": 0.693925,
    "18.txt": 0.72774,
    "19.txt": 0.76372,
    "2.txt": 0.575145,
    "20.txt": 0.608766,
    "21.txt": 0.663491,
    "22.txt": 0.674084,
    "23.txt": 0.603128,
    "24.txt": 0.611528,
    "3.txt": 0.591855,
    "4.txt": 0.644919,
    "5.txt": 0.616896,
    "6.txt": 0.631828,
    "7.txt": 0.573929,
    "8.txt": 0.601388,
    "9.txt": 0.594515
  },
  "2.txt": {
    "1.txt": 0.575099,
    "10.txt": 0.618029,
    "11.txt": 0.614455,
    "12.txt": 0.568705,
    "13.txt": 0.616816,
    "14.txt": 0.617124,
    "15.txt": 0.668241,
    "16.txt": 0.582543,
    "17.txt": 0.647048,
    "18.txt": 0.623424,
    "19.txt": 0.613771,
    "2.txt": 0.751094,
    "20.txt": 0.609527,
    "21.txt": 0.582793,
    "22.txt": 0.577375,
    "23.txt": 0.592405,
    "24.txt": 0.581038,
    "3.txt": 0.612912,
    "4.txt": 0.632318,
    "5.txt": 0.617938,
    "6.txt": 0.631232,
    "7.txt": 0.614064,
    "8.txt": 0.628123,
    "9.txt": 0.592678
  },
  "20.txt": {
    "1.txt": 0.54541,
    "10.txt": 0.613634,
    "11.txt": 0.612788,
    "12.txt": 0.659008,
    "13.txt": 0.605813,
    "14.txt": 0.583805,
    "15.txt": 0.630705,
    "16.txt": 0.577861,
    "17.txt": 0.613437,
    "18.txt": 0.640336,
    "19.txt": 0.648169,
    "2.txt": 0.541188,
    "20.txt": 0.7014,
    "21.txt": 0.651688,
    "22.txt": 0.678373,
    "23.txt": 0.691696,
    "24.txt": 0.640007,
    "3.txt": 0.618494,
    "4.txt": 0.65277,
    "5.txt": 0.593357,
    "6.txt": 0.593566,
    "7.txt": 0.607371,
    "8.txt": 0.606704,
    "9.txt": 0.582222
  },
  "21.txt": {
    "1.txt": 0.576929,
    "10.txt": 0.616462,
    "11.txt": 0.636653,
    "12.txt": 0.686302,
    "13.txt": 0.605396,
    "14.txt": 0.591524,
    "15.txt": 0.647606,
    "16.txt": 0.596809,
    "17.txt": 0.64149,
    "18.txt": 0.632674,
    "19.txt": 0.643177,
    "2.txt": 0.554926,
    "20.txt": 0.66808,
    "21.txt": 0.741673,
    "22.txt": 0.695799,
    "23.txt": 0.660561,
    "24.txt": 0.611179,